epoch,time,train/box_loss,train/cls_loss,train/dfl_loss,metrics/precision(B),metrics/recall(B),metrics/mAP50(B),metrics/mAP50-95(B),val/box_loss,val/cls_loss,val/dfl_loss,lr/pg0,lr/pg1,lr/pg2
1,9.59461,1.92521,1.33813,1.02168,0.63359,0.60515,0.64096,0.19241,1.71083,1.25193,1.00763,2e-05,2e-05,2e-05
2,17.3514,1.90269,1.30747,1.03047,0.60782,0.6053,0.6222,0.18705,1.74689,1.23068,1.00619,5.9802e-05,5.9802e-05,5.9802e-05
3,24.9886,2.01239,1.34563,1.06712,0.60729,0.59734,0.60269,0.17386,1.84387,1.22507,1.01604,9.934e-05,9.934e-05,9.934e-05
4,32.8468,2.12379,1.28593,1.03343,0.55152,0.59113,0.57135,0.16202,1.88552,1.2419,1.02135,0.000138614,0.000138614,0.000138614
5,40.4815,2.1304,1.41115,1.06543,0.55495,0.57082,0.56135,0.15987,1.88477,1.25213,1.02523,0.000177624,0.000177624,0.000177624
6,47.8576,1.92441,1.33542,1.05997,0.58214,0.6039,0.58475,0.15119,1.97668,1.29108,1.03854,0.00021637,0.00021637,0.00021637
7,55.8804,2.03605,1.37648,1.00542,0.64407,0.60086,0.59391,0.15697,2.02315,1.3106,1.04063,0.000254852,0.000254852,0.000254852
8,62.9478,2.06553,1.42522,1.07708,0.66849,0.61449,0.62158,0.17263,1.96352,1.30031,1.02548,0.00029307,0.00029307,0.00029307
9,71.2939,1.83038,1.35854,1.03773,0.70177,0.62615,0.62582,0.17211,1.94677,1.29151,1.02423,0.000331024,0.000331024,0.000331024
10,78.4733,1.97236,1.3904,1.02444,0.64699,0.62232,0.60762,0.16774,1.96701,1.267,1.02921,0.000368714,0.000368714,0.000368714
11,85.2194,1.95505,1.37284,0.99071,0.68263,0.62774,0.61788,0.1698,1.97205,1.24273,1.03233,0.00040614,0.00040614,0.00040614
12,92.6373,2.11274,1.37625,1.05193,0.68127,0.61464,0.64387,0.18177,1.91293,1.21409,1.02578,0.000443302,0.000443302,0.000443302
13,100.41,1.97213,1.3046,0.98147,0.72429,0.59756,0.65211,0.19053,1.87341,1.19265,1.02287,0.0004802,0.0004802,0.0004802
14,107.818,2.03595,1.41491,0.97006,0.70199,0.59227,0.63399,0.1847,1.90506,1.19398,1.02628,0.000516834,0.000516834,0.000516834
15,115.351,1.95848,1.33278,1.00461,0.6971,0.60086,0.64132,0.19198,1.91539,1.22125,1.01398,0.000553204,0.000553204,0.000553204
16,123.285,1.99396,1.31708,1.04784,0.72069,0.5794,0.6601,0.19243,1.9836,1.21646,1.01932,0.00058931,0.00058931,0.00058931
17,131.367,1.97635,1.32713,1.03516,0.6417,0.59657,0.63031,0.19873,1.99518,1.21426,1.02314,0.000625152,0.000625152,0.000625152
18,139.847,2.09294,1.31616,0.9757,0.58619,0.64807,0.61907,0.20025,1.82997,1.23138,0.993,0.00066073,0.00066073,0.00066073
19,151.692,1.94828,1.34413,1.03679,0.61759,0.66524,0.63381,0.21142,1.8536,1.23467,0.99963,0.000696044,0.000696044,0.000696044
20,159.25,1.88563,1.33864,1.02011,0.61383,0.64807,0.64713,0.22356,1.85785,1.2061,1.00112,0.000731094,0.000731094,0.000731094
21,166.933,1.79561,1.30347,1.03882,0.6937,0.64378,0.67643,0.22117,1.90316,1.17769,1.0113,0.00076588,0.00076588,0.00076588
22,174.831,1.919,1.30423,1.07669,0.70745,0.62271,0.66581,0.19726,2.04654,1.17292,1.03747,0.000800402,0.000800402,0.000800402
23,182.68,1.8797,1.2849,1.03752,0.72482,0.58784,0.65496,0.20676,1.96646,1.18237,1.02525,0.00083466,0.00083466,0.00083466
24,190.361,2.05987,1.38205,1.06602,0.67821,0.6151,0.66777,0.22482,1.84785,1.20339,1.01116,0.000868654,0.000868654,0.000868654
25,198.564,2.39259,1.51965,1.0419,0.69203,0.61373,0.67782,0.22178,1.8809,1.23895,1.02404,0.000902384,0.000902384,0.000902384
26,206.88,2.21004,1.4515,1.06534,0.69645,0.63519,0.69169,0.22692,1.97384,1.2415,1.04184,0.00093585,0.00093585,0.00093585
27,214.541,2.1265,1.36092,1.05034,0.70393,0.69957,0.71719,0.24694,1.9285,1.18831,1.03548,0.000969052,0.000969052,0.000969052
28,222.156,2.36056,1.32611,1.04713,0.70393,0.69957,0.71719,0.24694,1.9285,1.18831,1.03548,0.00100199,0.00100199,0.00100199
29,230.116,2.10643,1.29888,1.0302,0.73194,0.70312,0.74736,0.26912,1.73058,1.14724,1.00862,0.00103466,0.00103466,0.00103466
30,239.239,2.19258,1.3519,1.03222,0.74573,0.65665,0.73551,0.22633,1.81207,1.14777,1.01049,0.00106707,0.00106707,0.00106707
31,246.661,2.10907,1.3473,1.02356,0.74573,0.65665,0.73551,0.22633,1.81207,1.14777,1.01049,0.00109922,0.00109922,0.00109922
32,254.365,2.04486,1.34613,1.02702,0.6767,0.60086,0.62809,0.17877,2.02372,1.2157,1.0385,0.0011311,0.0011311,0.0011311
33,261.79,2.03536,1.30859,1.00232,0.60746,0.59112,0.57855,0.17434,1.92214,1.33629,1.01808,0.00116272,0.00116272,0.00116272
34,271.119,2.08934,1.31807,1.00763,0.60746,0.59112,0.57855,0.17434,1.92214,1.33629,1.01808,0.00119407,0.00119407,0.00119407
35,279.431,1.98633,1.29096,1.02747,0.6345,0.61094,0.62283,0.21014,1.84426,1.34576,1.0036,0.00122516,0.00122516,0.00122516
36,287.227,1.94554,1.30295,1.04883,0.69779,0.69367,0.70507,0.2636,1.7913,1.2679,0.98314,0.00125599,0.00125599,0.00125599
37,293.892,1.85624,1.32425,1.00455,0.69779,0.69367,0.70507,0.2636,1.7913,1.2679,0.98314,0.00128655,0.00128655,0.00128655
38,302.107,2.00247,1.36191,1.07719,0.69203,0.66544,0.68507,0.27341,1.82971,1.20774,0.99638,0.00131685,0.00131685,0.00131685
39,310.503,2.13649,1.31407,1.00326,0.66594,0.66953,0.66586,0.26334,1.75855,1.19113,1.00095,0.00134688,0.00134688,0.00134688
40,317.505,1.85009,1.2146,0.98678,0.66594,0.66953,0.66586,0.26334,1.75855,1.19113,1.00095,0.00137665,0.00137665,0.00137665
41,324.218,2.0397,1.32766,1.00408,0.67733,0.6867,0.68258,0.24887,1.70874,1.20057,0.99591,0.00140616,0.00140616,0.00140616
42,331.883,2.04157,1.33031,1.03393,0.70897,0.63776,0.68599,0.24246,1.78379,1.20067,1.00567,0.0014354,0.0014354,0.0014354
43,339.618,2.00436,1.24332,1.04068,0.70897,0.63776,0.68599,0.24246,1.78379,1.20067,1.00567,0.00146438,0.00146438,0.00146438
44,346.305,1.98912,1.28168,1.0486,0.69765,0.66953,0.70726,0.26423,1.71098,1.15797,0.99994,0.00149309,0.00149309,0.00149309
45,352.965,1.94876,1.20402,1.02289,0.69765,0.66953,0.70726,0.26423,1.71098,1.15797,0.99994,0.00152154,0.00152154,0.00152154
46,360.31,1.97282,1.27089,0.98872,0.71618,0.67145,0.71537,0.26628,1.68472,1.10157,1.00436,0.00154973,0.00154973,0.00154973
47,368.05,2.1556,1.22626,1.03982,0.71618,0.67145,0.71537,0.26628,1.68472,1.10157,1.00436,0.00157765,0.00157765,0.00157765
48,375.239,2.18268,1.21037,1.05096,0.73355,0.6824,0.73136,0.25987,1.76827,1.09044,1.00381,0.00160531,0.00160531,0.00160531
49,382.231,2.02657,1.17942,1.01707,0.73355,0.6824,0.73136,0.25987,1.76827,1.09044,1.00381,0.0016327,0.0016327,0.0016327
50,389.723,2.03624,1.1958,1.01765,0.68686,0.69528,0.69227,0.22875,1.97669,1.10766,1.03569,0.00165983,0.00165983,0.00165983
51,397.693,2.16356,1.2889,0.99383,0.68686,0.69528,0.69227,0.22875,1.97669,1.10766,1.03569,0.00167,0.00167,0.00167
52,405.161,1.78784,1.1568,0.99784,0.69963,0.64378,0.67012,0.19778,1.88891,1.17426,1.0062,0.0016634,0.0016634,0.0016634
53,413.215,1.94157,1.20871,1.0362,0.69963,0.64378,0.67012,0.19778,1.88891,1.17426,1.0062,0.0016568,0.0016568,0.0016568
54,420.239,1.89245,1.17132,0.9678,0.68979,0.65849,0.6664,0.20969,1.93281,1.21756,1.01467,0.0016502,0.0016502,0.0016502
55,427.736,2.07615,1.33635,0.97868,0.68979,0.65849,0.6664,0.20969,1.93281,1.21756,1.01467,0.0016436,0.0016436,0.0016436
56,434.688,2.00137,1.23643,0.98348,0.68507,0.69528,0.69665,0.24549,1.80459,1.20952,0.98982,0.001637,0.001637,0.001637
57,442.075,1.88574,1.22138,0.98125,0.68507,0.69528,0.69665,0.24549,1.80459,1.20952,0.98982,0.0016304,0.0016304,0.0016304
58,451.162,1.98542,1.26462,1.02726,0.74267,0.72961,0.75079,0.27935,1.7313,1.15368,0.97067,0.0016238,0.0016238,0.0016238
59,458.709,1.74423,1.20749,0.98637,0.74267,0.72961,0.75079,0.27935,1.7313,1.15368,0.97067,0.0016172,0.0016172,0.0016172
60,466.946,1.77263,1.21566,0.98419,0.77931,0.73391,0.76546,0.27507,1.85276,1.11789,0.99615,0.0016106,0.0016106,0.0016106
61,475.914,1.72833,1.17046,1.01928,0.77931,0.73391,0.76546,0.27507,1.85276,1.11789,0.99615,0.001604,0.001604,0.001604
62,483.32,1.81122,1.17072,0.99904,0.77353,0.71831,0.7635,0.28672,1.82817,1.09624,0.98911,0.0015974,0.0015974,0.0015974
63,490.918,1.88465,1.15454,0.99158,0.77353,0.71831,0.7635,0.28672,1.82817,1.09624,0.98911,0.0015908,0.0015908,0.0015908
64,499.263,2.2121,1.19639,0.98531,0.75204,0.74195,0.7689,0.29974,1.72925,1.12403,0.96383,0.0015842,0.0015842,0.0015842
65,507.513,1.72116,1.09869,0.96933,0.75204,0.74195,0.7689,0.29974,1.72925,1.12403,0.96383,0.0015776,0.0015776,0.0015776
66,517.156,1.83849,1.17356,0.94048,0.7414,0.72599,0.76673,0.29891,1.82866,1.15642,0.98703,0.001571,0.001571,0.001571
67,524.672,1.89688,1.16528,1.04623,0.7414,0.72599,0.76673,0.29891,1.82866,1.15642,0.98703,0.0015644,0.0015644,0.0015644
68,532.541,1.81152,1.15148,0.99954,0.79584,0.71245,0.78687,0.32268,1.75024,1.07913,0.97787,0.0015578,0.0015578,0.0015578
69,540.341,1.80905,1.13894,0.95947,0.79584,0.71245,0.78687,0.32268,1.75024,1.07913,0.97787,0.0015512,0.0015512,0.0015512
70,548.234,1.7204,1.13765,0.9549,0.75949,0.73391,0.78049,0.33009,1.61269,1.01527,0.95943,0.0015446,0.0015446,0.0015446
71,555.79,1.74001,1.12134,0.94003,0.75949,0.73391,0.78049,0.33009,1.61269,1.01527,0.95943,0.001538,0.001538,0.001538
72,564.119,1.65835,1.09479,0.96909,0.79438,0.77253,0.82011,0.34722,1.59943,1.00632,0.95926,0.0015314,0.0015314,0.0015314
73,571.706,1.68295,1.11376,0.94545,0.79438,0.77253,0.82011,0.34722,1.59943,1.00632,0.95926,0.0015248,0.0015248,0.0015248
74,579.728,1.63411,1.08957,0.97494,0.79636,0.77253,0.82803,0.36669,1.56558,0.98544,0.95892,0.0015182,0.0015182,0.0015182
75,587.483,1.73841,1.13503,0.98218,0.79636,0.77253,0.82803,0.36669,1.56558,0.98544,0.95892,0.0015116,0.0015116,0.0015116
76,595.487,2.12538,1.2036,0.95453,0.75532,0.79828,0.82861,0.35992,1.57132,0.99398,0.96025,0.001505,0.001505,0.001505
77,603.038,2.06804,1.12535,1.01514,0.75532,0.79828,0.82861,0.35992,1.57132,0.99398,0.96025,0.0014984,0.0014984,0.0014984
78,610.469,2.07465,1.14841,1.00831,0.7736,0.74792,0.81929,0.32914,1.62951,1.01285,0.96367,0.0014918,0.0014918,0.0014918
79,617.35,1.80647,1.07517,0.99098,0.7736,0.74792,0.81929,0.32914,1.62951,1.01285,0.96367,0.0014852,0.0014852,0.0014852
80,624.136,1.78084,1.08503,0.96661,0.74441,0.73391,0.77639,0.27703,1.90255,1.05282,1.00102,0.0014786,0.0014786,0.0014786
81,631.873,1.84702,1.16743,0.97507,0.74441,0.73391,0.77639,0.27703,1.90255,1.05282,1.00102,0.001472,0.001472,0.001472
82,639.535,1.68331,1.18116,1.01264,0.72746,0.69957,0.72187,0.24855,2.1389,1.05494,1.03837,0.0014654,0.0014654,0.0014654
83,646.505,1.89531,1.17586,0.99,0.72746,0.69957,0.72187,0.24855,2.1389,1.05494,1.03837,0.0014588,0.0014588,0.0014588
84,653.925,1.89419,1.17017,0.9685,0.78728,0.75966,0.7859,0.28636,1.68448,1.01513,0.96474,0.0014522,0.0014522,0.0014522
85,661.373,1.8208,1.10842,0.98388,0.78728,0.75966,0.7859,0.28636,1.68448,1.01513,0.96474,0.0014456,0.0014456,0.0014456
86,668.096,1.79206,1.07036,0.98161,0.81337,0.80687,0.83926,0.3679,1.55164,0.98059,0.95052,0.001439,0.001439,0.001439
87,675.013,1.71014,1.08882,0.94755,0.81337,0.80687,0.83926,0.3679,1.55164,0.98059,0.95052,0.0014324,0.0014324,0.0014324
88,682.715,1.79544,1.13209,0.9551,0.81255,0.82403,0.84817,0.39898,1.59271,1.00254,0.95767,0.0014258,0.0014258,0.0014258
89,690.491,1.76527,1.12985,0.95297,0.81255,0.82403,0.84817,0.39898,1.59271,1.00254,0.95767,0.0014192,0.0014192,0.0014192
90,697.93,1.69147,1.08927,0.95467,0.79,0.80687,0.83726,0.38968,1.63699,0.99497,0.95729,0.0014126,0.0014126,0.0014126
91,705.857,1.72361,1.0895,0.93688,0.79,0.80687,0.83726,0.38968,1.63699,0.99497,0.95729,0.001406,0.001406,0.001406
92,713.949,1.72819,1.086,0.96651,0.79545,0.78541,0.83355,0.37886,1.57876,0.97589,0.94629,0.0013994,0.0013994,0.0013994
93,723.419,1.76457,1.10852,0.9492,0.79545,0.78541,0.83355,0.37886,1.57876,0.97589,0.94629,0.0013928,0.0013928,0.0013928
94,731.608,1.64402,1.06799,0.94756,0.7659,0.77253,0.80112,0.3424,1.55919,1.00822,0.9477,0.0013862,0.0013862,0.0013862
95,740.297,1.70864,1.09178,0.98667,0.7659,0.77253,0.80112,0.3424,1.55919,1.00822,0.9477,0.0013796,0.0013796,0.0013796
96,748.649,1.728,1.08439,0.95522,0.74754,0.7752,0.8005,0.34182,1.53061,1.0018,0.94811,0.001373,0.001373,0.001373
97,756.408,1.67746,1.06635,0.9884,0.74754,0.7752,0.8005,0.34182,1.53061,1.0018,0.94811,0.0013664,0.0013664,0.0013664
98,763.503,1.73032,1.07265,0.9679,0.78488,0.76729,0.82553,0.38432,1.51456,0.94832,0.95095,0.0013598,0.0013598,0.0013598
99,771.067,1.64911,1.07317,0.93115,0.78488,0.76729,0.82553,0.38432,1.51456,0.94832,0.95095,0.0013532,0.0013532,0.0013532
100,778.669,1.61022,1.01461,0.93942,0.78791,0.79723,0.83303,0.39104,1.5485,0.93933,0.95476,0.0013466,0.0013466,0.0013466
101,786.828,1.57573,0.99973,0.95608,0.78791,0.79723,0.83303,0.39104,1.5485,0.93933,0.95476,0.00134,0.00134,0.00134
102,794.857,1.68208,1.04637,0.97157,0.7789,0.80687,0.83561,0.39697,1.49227,0.92403,0.94821,0.0013334,0.0013334,0.0013334
103,803.006,1.51107,0.99162,0.94781,0.7789,0.80687,0.83561,0.39697,1.49227,0.92403,0.94821,0.0013268,0.0013268,0.0013268
104,811.474,1.70081,1.07432,0.95772,0.74421,0.85408,0.8277,0.39325,1.46388,0.92194,0.94482,0.0013202,0.0013202,0.0013202
105,819.006,1.68961,1.04435,0.93093,0.74421,0.85408,0.8277,0.39325,1.46388,0.92194,0.94482,0.0013136,0.0013136,0.0013136
106,826.724,1.4655,0.94566,0.90885,0.77292,0.83267,0.83281,0.38291,1.52795,0.91981,0.95429,0.001307,0.001307,0.001307
107,834.542,1.53177,0.98713,0.95138,0.77292,0.83267,0.83281,0.38291,1.52795,0.91981,0.95429,0.0013004,0.0013004,0.0013004
108,842.086,1.56488,0.98733,0.90889,0.79718,0.84347,0.84363,0.40373,1.48993,0.90258,0.95517,0.0012938,0.0012938,0.0012938
109,850.061,1.48577,0.98081,0.93426,0.79718,0.84347,0.84363,0.40373,1.48993,0.90258,0.95517,0.0012872,0.0012872,0.0012872
110,857.251,1.56181,1.00786,0.96641,0.83094,0.81974,0.86274,0.43404,1.40259,0.8862,0.9473,0.0012806,0.0012806,0.0012806
111,865.147,1.5767,1.0387,0.96234,0.83094,0.81974,0.86274,0.43404,1.40259,0.8862,0.9473,0.001274,0.001274,0.001274
112,873.156,1.66287,0.98615,0.92645,0.83635,0.82403,0.8674,0.43972,1.37584,0.87672,0.94358,0.0012674,0.0012674,0.0012674
113,880.581,1.63455,1.0315,0.95882,0.83635,0.82403,0.8674,0.43972,1.37584,0.87672,0.94358,0.0012608,0.0012608,0.0012608
114,887.803,1.37225,0.94254,0.95326,0.84489,0.80258,0.86188,0.4423,1.3616,0.89713,0.93844,0.0012542,0.0012542,0.0012542
115,895.955,1.47402,0.94718,0.94642,0.84489,0.80258,0.86188,0.4423,1.3616,0.89713,0.93844,0.0012476,0.0012476,0.0012476
116,903.694,1.42983,0.94553,0.93174,0.84914,0.79721,0.85981,0.42805,1.40259,0.91305,0.94055,0.001241,0.001241,0.001241
117,911.606,1.58823,0.99536,0.93096,0.84914,0.79721,0.85981,0.42805,1.40259,0.91305,0.94055,0.0012344,0.0012344,0.0012344
118,919.673,1.42532,0.9185,0.92057,0.85942,0.79828,0.85457,0.43238,1.56494,0.89672,0.95025,0.0012278,0.0012278,0.0012278
119,927.583,1.41962,0.95392,0.96763,0.85942,0.79828,0.85457,0.43238,1.56494,0.89672,0.95025,0.0012212,0.0012212,0.0012212
120,935.547,1.46687,0.96466,0.96997,0.81564,0.85445,0.85314,0.39999,1.7266,0.87302,0.96872,0.0012146,0.0012146,0.0012146
121,942.75,1.33286,0.90397,0.93657,0.81564,0.85445,0.85314,0.39999,1.7266,0.87302,0.96872,0.001208,0.001208,0.001208
122,949.64,2.02073,1.054,0.96491,0.82739,0.83691,0.85548,0.38857,1.76461,0.87495,0.9763,0.0012014,0.0012014,0.0012014
123,957.137,1.46917,0.92726,0.93097,0.82739,0.83691,0.85548,0.38857,1.76461,0.87495,0.9763,0.0011948,0.0011948,0.0011948
124,964.718,1.60734,0.94781,0.93798,0.83909,0.87554,0.86717,0.4234,1.64243,0.874,0.95827,0.0011882,0.0011882,0.0011882
125,972.578,1.54331,0.9599,0.94023,0.83909,0.87554,0.86717,0.4234,1.64243,0.874,0.95827,0.0011816,0.0011816,0.0011816
126,980.203,1.48631,0.95015,0.9232,0.84856,0.86575,0.86706,0.43252,1.52227,0.87513,0.9494,0.001175,0.001175,0.001175
127,987.444,1.45604,0.93582,0.94646,0.84856,0.86575,0.86706,0.43252,1.52227,0.87513,0.9494,0.0011684,0.0011684,0.0011684
128,995.525,1.40591,0.92794,0.92611,0.82579,0.88412,0.879,0.4395,1.46664,0.86708,0.94169,0.0011618,0.0011618,0.0011618
129,1002.36,1.44536,0.91099,0.92999,0.82579,0.88412,0.879,0.4395,1.46664,0.86708,0.94169,0.0011552,0.0011552,0.0011552
130,1011.03,1.47976,0.94792,0.91818,0.83293,0.87726,0.88881,0.45537,1.55755,0.84188,0.94813,0.0011486,0.0011486,0.0011486
131,1019.29,1.60753,0.96379,0.92011,0.83293,0.87726,0.88881,0.45537,1.55755,0.84188,0.94813,0.001142,0.001142,0.001142
132,1026.63,1.34273,0.89426,0.95639,0.82943,0.88412,0.88056,0.45665,1.68912,0.83305,0.95915,0.0011354,0.0011354,0.0011354
133,1034.47,1.96981,0.94393,0.99494,0.82943,0.88412,0.88056,0.45665,1.68912,0.83305,0.95915,0.0011288,0.0011288,0.0011288
134,1043.82,1.8664,0.87919,0.96919,0.8352,0.89177,0.87349,0.45592,1.68922,0.83886,0.95853,0.0011222,0.0011222,0.0011222
135,1051.39,1.90384,0.93529,0.96074,0.8352,0.89177,0.87349,0.45592,1.68922,0.83886,0.95853,0.0011156,0.0011156,0.0011156
136,1059.22,1.88,0.92234,0.94354,0.83189,0.88412,0.87843,0.43259,1.60538,0.8509,0.94937,0.001109,0.001109,0.001109
137,1067.66,1.6957,0.93732,0.91083,0.83189,0.88412,0.87843,0.43259,1.60538,0.8509,0.94937,0.0011024,0.0011024,0.0011024
138,1075.51,1.6488,0.93669,0.93504,0.81705,0.86251,0.84032,0.33805,1.70123,0.93889,0.95809,0.0010958,0.0010958,0.0010958
139,1084.42,1.52334,0.98201,0.94062,0.81705,0.86251,0.84032,0.33805,1.70123,0.93889,0.95809,0.0010892,0.0010892,0.0010892
140,1091.87,1.48623,0.97575,0.91788,0.77665,0.82084,0.78633,0.28747,1.83194,0.98006,0.97284,0.0010826,0.0010826,0.0010826
141,1099.77,1.60133,0.95827,0.95658,0.77665,0.82084,0.78633,0.28747,1.83194,0.98006,0.97284,0.001076,0.001076,0.001076
142,1107.63,1.73767,1.01109,0.94328,0.78192,0.80687,0.79621,0.2942,1.80606,0.97258,0.96977,0.0010694,0.0010694,0.0010694
143,1115.46,1.69373,1.00449,0.98012,0.78192,0.80687,0.79621,0.2942,1.80606,0.97258,0.96977,0.0010628,0.0010628,0.0010628
144,1122.77,1.53371,0.96666,0.98066,0.83844,0.81974,0.84662,0.3473,1.6414,0.92673,0.9492,0.0010562,0.0010562,0.0010562
145,1130.15,1.37289,0.92101,0.92272,0.83844,0.81974,0.84662,0.3473,1.6414,0.92673,0.9492,0.0010496,0.0010496,0.0010496
146,1138.14,1.43394,0.93575,0.92045,0.83897,0.87209,0.86428,0.42355,1.5674,0.87829,0.94089,0.001043,0.001043,0.001043
147,1145.8,1.4866,0.93612,0.9451,0.83897,0.87209,0.86428,0.42355,1.5674,0.87829,0.94089,0.0010364,0.0010364,0.0010364
148,1153.56,1.41066,0.90354,0.92329,0.81492,0.87983,0.87405,0.45142,1.52916,0.86596,0.93526,0.0010298,0.0010298,0.0010298
149,1160.89,1.49282,0.90912,0.92548,0.81492,0.87983,0.87405,0.45142,1.52916,0.86596,0.93526,0.0010232,0.0010232,0.0010232
150,1169.69,1.62523,0.98187,0.9284,0.80238,0.8927,0.86942,0.44008,1.4528,0.86585,0.92871,0.0010166,0.0010166,0.0010166
151,1178.07,1.51993,0.94108,0.89175,0.80238,0.8927,0.86942,0.44008,1.4528,0.86585,0.92871,0.00101,0.00101,0.00101
152,1186.43,1.5824,0.95597,0.93729,0.82187,0.87131,0.86157,0.39345,1.53028,0.89132,0.93711,0.0010034,0.0010034,0.0010034
153,1194.96,1.60774,0.97763,0.92111,0.82187,0.87131,0.86157,0.39345,1.53028,0.89132,0.93711,0.0009968,0.0009968,0.0009968
154,1202.71,1.3944,0.88966,0.92645,0.80195,0.86896,0.85256,0.3552,1.70508,0.92145,0.95739,0.0009902,0.0009902,0.0009902
155,1210.21,1.45518,0.93904,0.89822,0.80195,0.86896,0.85256,0.3552,1.70508,0.92145,0.95739,0.0009836,0.0009836,0.0009836
156,1217.22,1.34665,0.91148,0.89449,0.78156,0.89067,0.84227,0.34967,1.74418,0.92545,0.96268,0.000977,0.000977,0.000977
157,1224.75,1.56694,0.96611,0.91026,0.78156,0.89067,0.84227,0.34967,1.74418,0.92545,0.96268,0.0009704,0.0009704,0.0009704
158,1232.29,1.46692,0.96227,0.90903,0.82962,0.88412,0.86408,0.39728,1.31415,0.89208,0.91496,0.0009638,0.0009638,0.0009638
159,1239.44,1.3468,0.9016,0.91381,0.82962,0.88412,0.86408,0.39728,1.31415,0.89208,0.91496,0.0009572,0.0009572,0.0009572
160,1253.66,1.47281,0.96191,0.92536,0.84015,0.90227,0.89061,0.44926,1.3057,0.84894,0.91054,0.0009506,0.0009506,0.0009506
161,1261.73,1.32506,0.87392,0.9014,0.84015,0.90227,0.89061,0.44926,1.3057,0.84894,0.91054,0.000944,0.000944,0.000944
162,1270.15,1.38509,0.8988,0.91087,0.85053,0.897,0.8918,0.45629,1.35866,0.83272,0.91374,0.0009374,0.0009374,0.0009374
163,1278.01,1.3728,0.87422,0.92843,0.85053,0.897,0.8918,0.45629,1.35866,0.83272,0.91374,0.0009308,0.0009308,0.0009308
164,1285.66,1.43161,0.8806,0.8989,0.85821,0.88412,0.8859,0.44148,1.34871,0.82482,0.91258,0.0009242,0.0009242,0.0009242
165,1293.4,1.41734,0.88634,0.89033,0.85821,0.88412,0.8859,0.44148,1.34871,0.82482,0.91258,0.0009176,0.0009176,0.0009176
166,1301.41,1.43529,0.90949,0.92945,0.84056,0.88841,0.88275,0.4222,1.31548,0.83281,0.90848,0.000911,0.000911,0.000911
167,1310.27,1.34425,0.88393,0.93351,0.84056,0.88841,0.88275,0.4222,1.31548,0.83281,0.90848,0.0009044,0.0009044,0.0009044
168,1319.72,1.48126,0.92559,0.91429,0.82293,0.8927,0.8795,0.41779,1.31219,0.83525,0.9073,0.0008978,0.0008978,0.0008978
169,1327.27,1.52618,0.9301,0.89297,0.82293,0.8927,0.8795,0.41779,1.31219,0.83525,0.9073,0.0008912,0.0008912,0.0008912
170,1335.71,1.43656,0.87862,0.93203,0.82375,0.88841,0.88587,0.44764,1.28044,0.81594,0.90584,0.0008846,0.0008846,0.0008846
171,1343.18,1.37285,0.89662,0.93556,0.82375,0.88841,0.88587,0.44764,1.28044,0.81594,0.90584,0.000878,0.000878,0.000878
172,1351.62,1.3683,0.86072,0.93257,0.84615,0.90558,0.90805,0.479,1.2752,0.79401,0.90443,0.0008714,0.0008714,0.0008714
173,1359.31,1.41732,0.88757,0.92252,0.84615,0.90558,0.90805,0.479,1.2752,0.79401,0.90443,0.0008648,0.0008648,0.0008648
174,1367.17,1.31681,0.85021,0.93389,0.87428,0.88412,0.90971,0.50535,1.26565,0.77279,0.90616,0.0008582,0.0008582,0.0008582
175,1374.75,1.35689,0.87579,0.90469,0.87428,0.88412,0.90971,0.50535,1.26565,0.77279,0.90616,0.0008516,0.0008516,0.0008516
176,1383.1,1.33861,0.84888,0.91857,0.87339,0.88412,0.90984,0.49571,1.28428,0.77523,0.9098,0.000845,0.000845,0.000845
177,1390.44,1.40705,0.87158,0.91104,0.87339,0.88412,0.90984,0.49571,1.28428,0.77523,0.9098,0.0008384,0.0008384,0.0008384
178,1397.15,1.44372,0.86424,0.90185,0.8489,0.90558,0.9019,0.4783,1.2947,0.79171,0.90969,0.0008318,0.0008318,0.0008318
179,1404.83,1.47349,0.87956,0.91306,0.8489,0.90558,0.9019,0.4783,1.2947,0.79171,0.90969,0.0008252,0.0008252,0.0008252
180,1412.78,1.39899,0.85352,0.91006,0.84912,0.90987,0.90364,0.48014,1.27523,0.79588,0.91033,0.0008186,0.0008186,0.0008186
181,1420.34,1.33403,0.84859,0.94295,0.84912,0.90987,0.90364,0.48014,1.27523,0.79588,0.91033,0.000812,0.000812,0.000812
182,1427.06,1.32932,0.84126,0.89477,0.86695,0.8927,0.91226,0.48382,1.28742,0.7796,0.91173,0.0008054,0.0008054,0.0008054
183,1434.54,1.35457,0.84266,0.91355,0.86695,0.8927,0.91226,0.48382,1.28742,0.7796,0.91173,0.0007988,0.0007988,0.0007988
184,1443.18,1.30729,0.8503,0.91166,0.88679,0.91416,0.91754,0.49367,1.28757,0.76379,0.91488,0.0007922,0.0007922,0.0007922
185,1451.81,1.4437,0.87174,0.93242,0.88679,0.91416,0.91754,0.49367,1.28757,0.76379,0.91488,0.0007856,0.0007856,0.0007856
186,1459.75,1.371,0.85289,0.92325,0.87748,0.91416,0.91617,0.51761,1.23073,0.76524,0.90567,0.000779,0.000779,0.000779
187,1468.4,1.31156,0.82409,0.89905,0.87748,0.91416,0.91617,0.51761,1.23073,0.76524,0.90567,0.0007724,0.0007724,0.0007724
188,1476.34,1.43974,0.85836,0.89046,0.87554,0.91416,0.91412,0.51661,1.21281,0.76011,0.90014,0.0007658,0.0007658,0.0007658
189,1484.56,1.28,0.80786,0.92101,0.87554,0.91416,0.91412,0.51661,1.21281,0.76011,0.90014,0.0007592,0.0007592,0.0007592
190,1492.21,1.39196,0.84457,0.90026,0.86255,0.9157,0.91229,0.50335,1.23561,0.76163,0.90175,0.0007526,0.0007526,0.0007526
191,1501.06,1.434,0.88314,0.91866,0.86255,0.9157,0.91229,0.50335,1.23561,0.76163,0.90175,0.000746,0.000746,0.000746
192,1508.47,1.42415,0.88866,0.91506,0.86736,0.92614,0.91367,0.49591,1.24834,0.76854,0.90195,0.0007394,0.0007394,0.0007394
193,1515.94,1.37841,0.85849,0.91228,0.86736,0.92614,0.91367,0.49591,1.24834,0.76854,0.90195,0.0007328,0.0007328,0.0007328
194,1524.13,1.34941,0.82578,0.92496,0.86298,0.91908,0.91557,0.49418,1.26599,0.76247,0.90457,0.0007262,0.0007262,0.0007262
195,1531.71,1.26873,0.80934,0.89561,0.86298,0.91908,0.91557,0.49418,1.26599,0.76247,0.90457,0.0007196,0.0007196,0.0007196
196,1539.65,1.29092,0.80742,0.90049,0.8607,0.91416,0.91331,0.49937,1.27124,0.7572,0.90591,0.000713,0.000713,0.000713
197,1548.34,1.26728,0.81304,0.88714,0.8607,0.91416,0.91331,0.49937,1.27124,0.7572,0.90591,0.0007064,0.0007064,0.0007064
198,1556.43,1.33102,0.86143,0.90827,0.86244,0.91845,0.9107,0.51409,1.23423,0.74406,0.90086,0.0006998,0.0006998,0.0006998
199,1565.35,1.33493,0.84435,0.90078,0.86244,0.91845,0.9107,0.51409,1.23423,0.74406,0.90086,0.0006932,0.0006932,0.0006932
200,1573.15,1.25598,0.82421,0.91922,0.86702,0.92345,0.91336,0.52422,1.21887,0.73809,0.89924,0.0006866,0.0006866,0.0006866
201,1580.21,1.19703,0.78052,0.91153,0.86702,0.92345,0.91336,0.52422,1.21887,0.73809,0.89924,0.00068,0.00068,0.00068
202,1587.79,1.47878,0.94645,0.93313,0.86952,0.92275,0.90828,0.52439,1.20284,0.74634,0.89767,0.0006734,0.0006734,0.0006734
203,1596.21,1.42151,0.84063,0.90516,0.86952,0.92275,0.90828,0.52439,1.20284,0.74634,0.89767,0.0006668,0.0006668,0.0006668
204,1605.22,1.16773,0.7872,0.9176,0.87732,0.93133,0.91234,0.51997,1.20872,0.74803,0.90027,0.0006602,0.0006602,0.0006602
205,1613.13,1.27956,0.80739,0.92753,0.87732,0.93133,0.91234,0.51997,1.20872,0.74803,0.90027,0.0006536,0.0006536,0.0006536
206,1620.87,1.21656,0.79207,0.91137,0.87404,0.92323,0.9101,0.52642,1.19453,0.73858,0.90004,0.000647,0.000647,0.000647
207,1628.52,1.37006,0.83794,0.88575,0.87404,0.92323,0.9101,0.52642,1.19453,0.73858,0.90004,0.0006404,0.0006404,0.0006404
208,1638.22,1.27895,0.80556,0.90778,0.87384,0.93133,0.91649,0.53115,1.1835,0.73469,0.89795,0.0006338,0.0006338,0.0006338
209,1648.17,1.25881,0.8025,0.90989,0.87384,0.93133,0.91649,0.53115,1.1835,0.73469,0.89795,0.0006272,0.0006272,0.0006272
210,1656.32,1.2871,0.81081,0.91645,0.88094,0.93562,0.92236,0.53484,1.19773,0.72532,0.89752,0.0006206,0.0006206,0.0006206
211,1664.63,1.28793,0.82715,0.92317,0.88094,0.93562,0.92236,0.53484,1.19773,0.72532,0.89752,0.000614,0.000614,0.000614
212,1674.1,1.34755,0.81772,0.90741,0.89203,0.92196,0.92396,0.54495,1.17455,0.72167,0.89172,0.0006074,0.0006074,0.0006074
213,1683.32,1.29324,0.80152,0.92834,0.89203,0.92196,0.92396,0.54495,1.17455,0.72167,0.89172,0.0006008,0.0006008,0.0006008
214,1690.59,1.24732,0.7884,0.92606,0.91073,0.92275,0.92918,0.54364,1.21708,0.72418,0.8954,0.0005942,0.0005942,0.0005942
215,1698.81,1.37498,0.83455,0.91502,0.91073,0.92275,0.92918,0.54364,1.21708,0.72418,0.8954,0.0005876,0.0005876,0.0005876
216,1707.56,1.23801,0.78676,0.8996,0.92296,0.92552,0.92734,0.53512,1.25472,0.72867,0.89887,0.000581,0.000581,0.000581
217,1715.48,1.46888,0.84666,0.90302,0.92296,0.92552,0.92734,0.53512,1.25472,0.72867,0.89887,0.0005744,0.0005744,0.0005744
218,1723.4,1.24509,0.77636,0.9017,0.91087,0.92103,0.9284,0.543,1.22627,0.73104,0.89607,0.0005678,0.0005678,0.0005678
219,1731.28,1.24538,0.7775,0.89309,0.91087,0.92103,0.9284,0.543,1.22627,0.73104,0.89607,0.0005612,0.0005612,0.0005612
220,1740.05,1.1837,0.7599,0.89754,0.90597,0.90972,0.92241,0.54894,1.21948,0.73506,0.89407,0.0005546,0.0005546,0.0005546
221,1747.36,1.3065,0.82774,0.88949,0.90597,0.90972,0.92241,0.54894,1.21948,0.73506,0.89407,0.000548,0.000548,0.000548
222,1755.33,1.23668,0.79593,0.8964,0.88491,0.93133,0.9261,0.54814,1.23152,0.73351,0.89681,0.0005414,0.0005414,0.0005414
223,1765.29,1.40315,0.83881,0.91046,0.88491,0.93133,0.9261,0.54814,1.23152,0.73351,0.89681,0.0005348,0.0005348,0.0005348
224,1774.88,1.32278,0.81074,0.90995,0.89764,0.93991,0.92723,0.54669,1.20372,0.72835,0.89378,0.0005282,0.0005282,0.0005282
225,1783.71,1.28964,0.81856,0.90607,0.89764,0.93991,0.92723,0.54669,1.20372,0.72835,0.89378,0.0005216,0.0005216,0.0005216
226,1792.16,1.2283,0.76205,0.88968,0.89451,0.94619,0.92514,0.5373,1.16481,0.72768,0.89218,0.000515,0.000515,0.000515
227,1800.78,1.26947,0.78409,0.91423,0.89451,0.94619,0.92514,0.5373,1.16481,0.72768,0.89218,0.0005084,0.0005084,0.0005084
228,1811.1,1.35334,0.82095,0.89281,0.8944,0.95279,0.92557,0.53688,1.15165,0.7223,0.89285,0.0005018,0.0005018,0.0005018
229,1819.07,1.32314,0.8234,0.90243,0.8944,0.95279,0.92557,0.53688,1.15165,0.7223,0.89285,0.0004952,0.0004952,0.0004952
230,1826.45,1.20311,0.77428,0.90171,0.89623,0.93991,0.92308,0.542,1.15263,0.7107,0.89236,0.0004886,0.0004886,0.0004886
231,1835.03,1.27222,0.77239,0.90086,0.89623,0.93991,0.92308,0.542,1.15263,0.7107,0.89236,0.000482,0.000482,0.000482
232,1843.53,1.29665,0.79879,0.88617,0.89582,0.92264,0.92012,0.55401,1.1586,0.7035,0.88976,0.0004754,0.0004754,0.0004754
233,1852.61,1.27265,0.80491,0.89865,0.89582,0.92264,0.92012,0.55401,1.1586,0.7035,0.88976,0.0004688,0.0004688,0.0004688
234,1859.92,1.28053,0.77739,0.91491,0.88743,0.93133,0.92287,0.56097,1.18397,0.70891,0.89012,0.0004622,0.0004622,0.0004622
235,1868.82,1.23275,0.7612,0.91101,0.88743,0.93133,0.92287,0.56097,1.18397,0.70891,0.89012,0.0004556,0.0004556,0.0004556
236,1876.99,1.24795,0.78192,0.89612,0.88639,0.93758,0.92358,0.56308,1.1811,0.712,0.88847,0.000449,0.000449,0.000449
237,1884.9,1.1838,0.74846,0.88913,0.88639,0.93758,0.92358,0.56308,1.1811,0.712,0.88847,0.0004424,0.0004424,0.0004424
238,1892.48,1.14251,0.7575,0.8948,0.90143,0.94193,0.92498,0.56368,1.16577,0.70503,0.88832,0.0004358,0.0004358,0.0004358
239,1900.32,1.40066,0.79426,0.87547,0.90143,0.94193,0.92498,0.56368,1.16577,0.70503,0.88832,0.0004292,0.0004292,0.0004292
240,1907.21,1.16801,0.75917,0.89453,0.91008,0.93991,0.92174,0.56034,1.16377,0.70887,0.88941,0.0004226,0.0004226,0.0004226
241,1916.06,1.31658,0.79603,0.89516,0.91008,0.93991,0.92174,0.56034,1.16377,0.70887,0.88941,0.000416,0.000416,0.000416
242,1923.68,1.20325,0.73548,0.89217,0.90617,0.93562,0.91926,0.55817,1.15576,0.70777,0.8896,0.0004094,0.0004094,0.0004094
243,1932.96,1.27885,0.7635,0.9039,0.90617,0.93562,0.91926,0.55817,1.15576,0.70777,0.8896,0.0004028,0.0004028,0.0004028
244,1940.92,1.2929,0.83872,0.9236,0.90486,0.93133,0.92387,0.55202,1.17043,0.71066,0.88902,0.0003962,0.0003962,0.0003962
245,1950.31,1.17182,0.7542,0.88117,0.90486,0.93133,0.92387,0.55202,1.17043,0.71066,0.88902,0.0003896,0.0003896,0.0003896
246,1959.28,1.26823,0.78638,0.87653,0.90071,0.93439,0.92181,0.54947,1.18936,0.717,0.88932,0.000383,0.000383,0.000383
247,1967.53,1.26961,0.78655,0.90383,0.90071,0.93439,0.92181,0.54947,1.18936,0.717,0.88932,0.0003764,0.0003764,0.0003764
248,1975.73,1.25984,0.79376,0.90964,0.90283,0.93562,0.92342,0.55058,1.19432,0.71617,0.88828,0.0003698,0.0003698,0.0003698
249,1983.8,1.13324,0.74235,0.8908,0.90283,0.93562,0.92342,0.55058,1.19432,0.71617,0.88828,0.0003632,0.0003632,0.0003632
250,1991.48,1.2613,0.75138,0.88714,0.91241,0.93886,0.92724,0.5605,1.18184,0.70218,0.88701,0.0003566,0.0003566,0.0003566
251,2000.03,1.18991,0.74271,0.88769,0.91241,0.93886,0.92724,0.5605,1.18184,0.70218,0.88701,0.00035,0.00035,0.00035
252,2009.62,1.29709,0.7975,0.8949,0.90643,0.93991,0.92899,0.56815,1.1757,0.69708,0.88611,0.0003434,0.0003434,0.0003434
253,2018.46,1.28395,0.78602,0.90487,0.90643,0.93991,0.92899,0.56815,1.1757,0.69708,0.88611,0.0003368,0.0003368,0.0003368
254,2026.23,1.22684,0.75662,0.89511,0.90394,0.93562,0.92904,0.56862,1.16377,0.69784,0.88462,0.0003302,0.0003302,0.0003302
255,2034.32,1.25265,0.778,0.90506,0.90394,0.93562,0.92904,0.56862,1.16377,0.69784,0.88462,0.0003236,0.0003236,0.0003236
256,2042.2,1.21581,0.75615,0.89018,0.9081,0.93304,0.92879,0.56441,1.14922,0.69925,0.88347,0.000317,0.000317,0.000317
257,2050.75,1.29444,0.7847,0.90487,0.9081,0.93304,0.92879,0.56441,1.14922,0.69925,0.88347,0.0003104,0.0003104,0.0003104
258,2059.29,1.18852,0.74782,0.89444,0.91649,0.92704,0.93157,0.5615,1.14944,0.70392,0.88477,0.0003038,0.0003038,0.0003038
259,2067.17,1.22977,0.74599,0.87319,0.91649,0.92704,0.93157,0.5615,1.14944,0.70392,0.88477,0.0002972,0.0002972,0.0002972
260,2074.82,1.29071,0.79432,0.87557,0.91585,0.93562,0.93359,0.55911,1.16686,0.70978,0.88716,0.0002906,0.0002906,0.0002906
261,2082.18,1.19379,0.7384,0.90036,0.91585,0.93562,0.93359,0.55911,1.16686,0.70978,0.88716,0.000284,0.000284,0.000284
262,2090.17,1.28523,0.78931,0.8826,0.91045,0.93133,0.93376,0.54604,1.18687,0.7174,0.88942,0.0002774,0.0002774,0.0002774
263,2098.34,1.18499,0.75089,0.89031,0.91045,0.93133,0.93376,0.54604,1.18687,0.7174,0.88942,0.0002708,0.0002708,0.0002708
264,2106.56,1.33368,0.76996,0.87452,0.90938,0.93133,0.93461,0.54733,1.19145,0.71161,0.89065,0.0002642,0.0002642,0.0002642
265,2114.13,1.23174,0.75145,0.92953,0.90938,0.93133,0.93461,0.54733,1.19145,0.71161,0.89065,0.0002576,0.0002576,0.0002576
266,2122.65,1.1927,0.75432,0.88828,0.91197,0.93377,0.9355,0.55493,1.19798,0.70706,0.89164,0.000251,0.000251,0.000251
267,2132.09,1.39291,0.83838,0.89396,0.91197,0.93377,0.9355,0.55493,1.19798,0.70706,0.89164,0.0002444,0.0002444,0.0002444
268,2140.52,1.17671,0.73242,0.89548,0.91293,0.94495,0.93755,0.5577,1.2032,0.70183,0.89198,0.0002378,0.0002378,0.0002378
269,2147.91,1.1608,0.73518,0.90824,0.91293,0.94495,0.93755,0.5577,1.2032,0.70183,0.89198,0.0002312,0.0002312,0.0002312
270,2157.28,1.19982,0.7364,0.8833,0.90458,0.94421,0.93624,0.56079,1.20183,0.70112,0.8907,0.0002246,0.0002246,0.0002246
271,2165.66,1.43786,0.79153,0.89945,0.90458,0.94421,0.93624,0.56079,1.20183,0.70112,0.8907,0.000218,0.000218,0.000218
272,2174.61,1.19439,0.75273,0.90084,0.90683,0.94421,0.93452,0.56252,1.18185,0.69746,0.88896,0.0002114,0.0002114,0.0002114
273,2183.31,1.25624,0.77669,0.91218,0.90683,0.94421,0.93452,0.56252,1.18185,0.69746,0.88896,0.0002048,0.0002048,0.0002048
274,2192.94,1.23028,0.73959,0.8708,0.90346,0.94421,0.93657,0.56652,1.15817,0.69554,0.88591,0.0001982,0.0001982,0.0001982
275,2201.51,1.17852,0.75461,0.89061,0.90346,0.94421,0.93657,0.56652,1.15817,0.69554,0.88591,0.0001916,0.0001916,0.0001916
276,2209.78,1.19497,0.72361,0.8933,0.90416,0.94421,0.93352,0.56668,1.14599,0.69561,0.88425,0.000185,0.000185,0.000185
277,2217.56,1.1723,0.73416,0.89789,0.90416,0.94421,0.93352,0.56668,1.14599,0.69561,0.88425,0.0001784,0.0001784,0.0001784
278,2225.1,1.11315,0.71092,0.90203,0.9036,0.94421,0.93197,0.57094,1.14606,0.69308,0.884,0.0001718,0.0001718,0.0001718
279,2232.62,1.20112,0.74498,0.88871,0.9036,0.94421,0.93197,0.57094,1.14606,0.69308,0.884,0.0001652,0.0001652,0.0001652
280,2240.84,1.14304,0.72363,0.88032,0.90002,0.94421,0.93203,0.56608,1.15759,0.69258,0.88407,0.0001586,0.0001586,0.0001586
281,2249.25,1.23069,0.75576,0.89995,0.90002,0.94421,0.93203,0.56608,1.15759,0.69258,0.88407,0.000152,0.000152,0.000152
282,2257.27,1.2545,0.75537,0.87967,0.89313,0.94421,0.93285,0.56245,1.16868,0.69248,0.88425,0.0001454,0.0001454,0.0001454
283,2264.84,1.41115,0.79971,0.88834,0.89313,0.94421,0.93285,0.56245,1.16868,0.69248,0.88425,0.0001388,0.0001388,0.0001388
284,2271.51,1.13694,0.72216,0.88585,0.89453,0.94645,0.93154,0.56295,1.173,0.69176,0.88418,0.0001322,0.0001322,0.0001322
285,2280.04,1.26038,0.78084,0.8965,0.89453,0.94645,0.93154,0.56295,1.173,0.69176,0.88418,0.0001256,0.0001256,0.0001256
286,2288.3,1.29554,0.75405,0.87455,0.89473,0.94839,0.9342,0.56487,1.1691,0.69148,0.88395,0.000119,0.000119,0.000119
287,2296.98,1.20625,0.75245,0.88887,0.89473,0.94839,0.9342,0.56487,1.1691,0.69148,0.88395,0.0001124,0.0001124,0.0001124
288,2305.75,1.19596,0.75414,0.89602,0.89833,0.94805,0.9349,0.56382,1.16293,0.69167,0.88422,0.0001058,0.0001058,0.0001058
289,2313.18,1.27415,0.78952,0.91987,0.89833,0.94805,0.9349,0.56382,1.16293,0.69167,0.88422,9.92e-05,9.92e-05,9.92e-05
290,2321.13,1.27881,0.78614,0.90596,0.89622,0.9485,0.93582,0.56265,1.15568,0.69102,0.88408,9.26e-05,9.26e-05,9.26e-05
291,2328.35,1.11444,0.7302,0.87761,0.89622,0.9485,0.93582,0.56265,1.15568,0.69102,0.88408,8.6e-05,8.6e-05,8.6e-05
292,2335.66,1.18769,0.79937,0.91727,0.89547,0.95589,0.93815,0.56266,1.15083,0.69476,0.88239,7.94e-05,7.94e-05,7.94e-05
293,2342.72,1.14005,0.7493,0.90755,0.89547,0.95589,0.93815,0.56266,1.15083,0.69476,0.88239,7.28e-05,7.28e-05,7.28e-05
294,2350.12,1.09737,0.68279,0.89235,0.89912,0.95627,0.93686,0.56074,1.14959,0.69803,0.88145,6.62e-05,6.62e-05,6.62e-05
295,2356.89,1.17368,0.7488,0.89052,0.89912,0.95627,0.93686,0.56074,1.14959,0.69803,0.88145,5.96e-05,5.96e-05,5.96e-05
296,2364.19,1.1674,0.70263,0.87819,0.89863,0.95708,0.93729,0.56006,1.15143,0.70134,0.88053,5.3e-05,5.3e-05,5.3e-05
297,2371.39,1.08936,0.67954,0.88729,0.89863,0.95708,0.93729,0.56006,1.15143,0.70134,0.88053,4.64e-05,4.64e-05,4.64e-05
298,2378.83,1.07217,0.69115,0.88779,0.89556,0.95689,0.93556,0.55817,1.15295,0.70433,0.87979,3.98e-05,3.98e-05,3.98e-05
299,2386.21,1.18502,0.77651,0.89838,0.89556,0.95689,0.93556,0.55817,1.15295,0.70433,0.87979,3.32e-05,3.32e-05,3.32e-05
300,2393.39,1.07046,0.652,0.87609,0.89187,0.95279,0.936,0.55869,1.15699,0.70878,0.87923,2.66e-05,2.66e-05,2.66e-05
